,,,,,,,,,,,,,,,,,,,,,,,
,Qu√© genero literario sale m√°s y en qu√© idioma:,,,,,,,,,,,,,"El an√°lisis se basa exclusivamente en los pr√©stamos registrados en una biblioteca p√∫blica. Por tanto, los resultados reflejan los h√°bitos de lectura de sus usuarios y no el comportamiento del mercado editorial en general.

El gr√°fico de barras muestra la distribuci√≥n porcentual de distintos g√©neros literarios seg√∫n el idioma de publicaci√≥n.

En el eje horizontal se presentan las categor√≠as de libros: c√≥mic, divulgaci√≥n, ensayo, ficci√≥n, infantil, novela gr√°fica y poes√≠a. 
Cada categor√≠a de libros incluye tres barras diferenciadas por colores asignados a idiomas.

En el eje vertical se representan los porcentajes, que alcanzan hasta aproximadamente el 30%.

Principales conclusiones

- El espa√±ol es el idioma predominante en todos los g√©neros, destacando especialmente en ficci√≥n, donde alcanza el porcentaje m√°s alto del gr√°fico (cerca del 30%).
- En segundo lugar, tambi√©n en espa√±ol, destacan los g√©neros infantil y c√≥mic.
- El catal√°n presenta porcentajes m√°s bajos en comparaci√≥n con el espa√±ol, con mayor presencia en infantil y ficci√≥n.
- El ingl√©s tiene una participaci√≥n menor y se concentra principalmente en ficci√≥n y ligeramente en divulgaci√≥n.
- G√©neros como poes√≠a y novela gr√°fica muestran porcentajes reducidos en todos los idiomas.

Interpretaci√≥n general

Los datos evidencian una fuerte concentraci√≥n de la demanda en obras de ficci√≥n en espa√±ol, lo que sugiere una preferencia clara por la narrativa en este idioma dentro de la biblioteca analizada.",,,,,,,,,"‚ö†Ô∏è Contexto Metodol√≥gico Clave
Los datos corresponden exclusivamente a libros prestados durante un a√±o.
No se dispone de informaci√≥n sobre:
Total de libros en cat√°logo.
Distribuci√≥n del fondo por g√©nero o idioma.
Por tanto, el an√°lisis refleja demanda observada (uso), no oferta disponible.


üëâ Estamos midiendo comportamiento de pr√©stamo, no composici√≥n real de la colecci√≥n.

üîé 1. Ficci√≥n como principal driver de demanda
~40% de los pr√©stamos corresponden a ficci√≥n.
Infantil ocupa la segunda posici√≥n (~21%).
M√°s del 60% de los pr√©stamos se concentran en estos dos g√©neros.
Interpretaci√≥n:
 La narrativa es el principal motor de circulaci√≥n y uso en la biblioteca.

üåé 2. Predominancia del espa√±ol en el uso
El espa√±ol lidera los pr√©stamos en todas las categor√≠as.
Catal√°n e ingl√©s muestran menor volumen relativo.
Pero atenci√≥n:
 No sabemos si esta diferencia se debe a:
Mayor demanda real.
O mayor disponibilidad de ejemplares en espa√±ol.
üëâ Sin datos del cat√°logo total, no podemos inferir preferencia pura.

üìà 3. Segmentaci√≥n de la demanda
Alta rotaci√≥n:
Ficci√≥n
Infantil
Demanda media:
C√≥mic
Ensayo
Baja rotaci√≥n:
Novela gr√°fica
Divulgaci√≥n
Poes√≠a
Esto sugiere patrones claros de comportamiento lector, aunque no necesariamente baja relevancia cultural.

üéØ Insight Estrat√©gico Refinado
El an√°lisis describe c√≥mo usan los usuarios la biblioteca, no c√≥mo est√° estructurado el fondo.
Las conclusiones deben interpretarse como:
Indicadores de popularidad y circulaci√≥n.
Se√±ales de inter√©s lector.
Potenciales √°reas de alta rotaci√≥n.
No permiten concluir:
Si existe sobreoferta o infrarrepresentaci√≥n de alg√∫n g√©nero.
Si la baja circulaci√≥n responde a baja demanda o baja disponibilidad.


---

# Informe comparativo de pr√©stamos por g√©nero literario e idioma

## 1. Contexto y alcance

El presente informe integra dos niveles de an√°lisis sobre los pr√©stamos registrados en una biblioteca p√∫blica:

1. **Distribuci√≥n total de pr√©stamos por g√©nero literario.**
2. **Distribuci√≥n porcentual por g√©nero segmentada por idioma (catal√°n, espa√±ol e ingl√©s).**

El an√°lisis se limita exclusivamente a los datos de circulaci√≥n interna de la biblioteca y no representa tendencias del mercado editorial general.

---

## 2. An√°lisis global por g√©nero (visi√≥n agregada)

### 2.1 Distribuci√≥n total de pr√©stamos

La estructura general de la demanda presenta una alta concentraci√≥n en:

* **Ficci√≥n**: 39,5% (103 pr√©stamos)
* **Infantil**: 21,1% (55 pr√©stamos)
* **C√≥mic**: 13,4% (35 pr√©stamos)
* **Ensayo**: 13,0% (34 pr√©stamos)
* Resto de categor√≠as con participaci√≥n inferior al 7%.

### 2.2 Hallazgos clave

* Existe una **concentraci√≥n significativa en ficci√≥n**, que representa aproximadamente 4 de cada 10 pr√©stamos.
* Infantil constituye el segundo eje relevante de demanda.
* Poes√≠a presenta una rotaci√≥n marginal (1,1%), indicando baja tracci√≥n comparativa.
* La distribuci√≥n es asim√©trica, con predominio claro de g√©neros narrativos frente a g√©neros especializados.

---

## 3. An√°lisis segmentado por idioma

### 3.1 Dominancia ling√º√≠stica

En todos los g√©neros analizados, el **espa√±ol presenta la mayor proporci√≥n de pr√©stamos**, sin excepci√≥n.

No se observan categor√≠as en las que catal√°n o ingl√©s superen al espa√±ol en volumen relativo.

### 3.2 Comportamiento por g√©nero e idioma

* **Ficci√≥n en espa√±ol** concentra el mayor porcentaje individual dentro del conjunto segmentado.
* Catal√°n presenta mayor presencia relativa en ficci√≥n e infantil, aunque por debajo del espa√±ol.
* Ingl√©s muestra una participaci√≥n focalizada principalmente en ficci√≥n, con presencia residual en el resto de g√©neros.
* G√©neros de baja demanda (poes√≠a, novela gr√°fica) mantienen niveles reducidos en todos los idiomas.

---

## 4. An√°lisis comparativo integrado

### 4.1 Concentraci√≥n doble: g√©nero e idioma

Al cruzar ambos an√°lisis se identifica un patr√≥n de concentraci√≥n estructural en dos dimensiones:

* **Dimensi√≥n tem√°tica:** predominio claro de ficci√≥n.
* **Dimensi√≥n ling√º√≠stica:** predominio transversal del espa√±ol.

Esto sugiere que la mayor parte de la actividad de pr√©stamo se explica por ficci√≥n en lengua espa√±ola.

### 4.2 Segmentos secundarios

* Infantil funciona como segundo motor de circulaci√≥n, principalmente en espa√±ol.
* C√≥mic y ensayo presentan demanda moderada, tambi√©n liderada por el espa√±ol.
* Catal√°n mantiene presencia constante pero subordinada.
* Ingl√©s opera como segmento complementario y minoritario.

### 4.3 Segmentos de baja rotaci√≥n

* Poes√≠a y novela gr√°fica muestran baja participaci√≥n global y baja diversificaci√≥n ling√º√≠stica.
* Su peso relativo es marginal tanto en t√©rminos absolutos como porcentuales.

---

## 5. Implicaciones estrat√©gicas

Desde una perspectiva de gesti√≥n bibliotecaria:

1. **Optimizaci√≥n de inventario:**
   Priorizar actualizaci√≥n y reposici√≥n en ficci√≥n en espa√±ol.

2. **Gesti√≥n de fondo especializado:**
   Evaluar estrategia para poes√≠a y divulgaci√≥n (promoci√≥n, reducci√≥n o resegmentaci√≥n).

3. **Planificaci√≥n ling√º√≠stica:**
   Analizar si la baja rotaci√≥n en catal√°n e ingl√©s responde a menor demanda real o a menor disponibilidad de t√≠tulos.

4. **Segmentaci√≥n futura recomendada:**
   Incorporar an√°lisis por edad, frecuencia de usuario y evoluci√≥n temporal para detectar patrones m√°s precisos.

---

## 6. Conclusi√≥n general

El sistema de pr√©stamos analizado muestra un modelo de demanda altamente concentrado:

* Predominio tem√°tico de ficci√≥n.
* Predominio ling√º√≠stico del espa√±ol.
* Participaci√≥n secundaria de infantil.
* Baja rotaci√≥n en g√©neros especializados.

El comportamiento observado sugiere una estructura de consumo orientada principalmente a lectura recreativa narrativa en lengua espa√±ola."
,,,,,,,,,,,,,,,,,,,,,,,
COUNTA of categoria_libro,idioma,,,,,,,,,,,,,,,,,,,,,,
categoria_libro,catal√°n,espa√±ol,ingl√©s,Grand Total,,,,,,,,,,,,,,,,,,,
comic,,13.41%,,13.41%,,,,,,,,,,,,,,,,,,,
divulgacion,,3.45%,1.92%,5.36%,,,,,,,,,,,,,,,,,,,
ensayo,1.53%,11.49%,,13.03%,,,,,,,,,,,,,,,,,,,
ficcion,4.21%,28.35%,6.90%,39.46%,,,,,,,,,,,,,,,,,,,
infantil,5.36%,15.71%,,21.07%,,,,,,,,,,,,,,,,,,,
novela_grafica,,6.51%,,6.51%,,,,,,,,,,,,,,,,,,,
poesia,,1.15%,,1.15%,,,,,,,,,,,,,,,,,,,
Grand Total,11.11%,80.08%,8.81%,100.00%,,,,,,,,,,,,,,,,,,,
,,,,,,,,,,,,,,,,,,,,,,,
,,,,,,,,,,,,,,,,,,,,,,,
,,,,,,,,,,,,,,,,,,,,,,,
,,,,,,,,,,,,,,,,,,,,,,,
,,,,,,,,,,,,,,,,,,,,,,,
,,,,,,,,,,,,,,,,,,,,,,,
,,,,,,,,,,,,,,,,,,,,,,,
,,,,,,,,,,,,,,,,,,,,,,,
,,,,,,,,,,,,,,,,,,,,,,,
,,,,,,,,,,,,,,,,,,,,,,,
COUNTA of categoria_libro,idioma,,,,,,,,,,,,,"El gr√°fico circular muestra la distribuci√≥n porcentual de libros seg√∫n su g√©nero literario (sin tener en cuenta en que idioma).
Cada segmento del gr√°fico representa un g√©nero y su proporci√≥n correspondiente dentro del total.
Se utilizan tanto valores absolutos como porcentajes sobre el total de pr√©stamos.

Distribuci√≥n por g√©nero

- Ficci√≥n: 39,5% (103 libros) ‚Üí Es el g√©nero con mayor demanda.
- Infantil: 21,1% (55 libros) ‚Üí Segundo g√©nero m√°s frecuente.
- C√≥mic: 13,4% (35 libros).
- Ensayo: 13,0% (34 libros).
- Novela gr√°fica: 6,5% (17 libros).
- Divulgaci√≥n: 5,4% (14 libros).
- Poes√≠a: 1,1% (3 libros) ‚Üí Es el g√©nero con menor demanda.

Conclusi√≥n

El patr√≥n de pr√©stamos indica una preferencia marcada por la lectura narrativa, especialmente ficci√≥n, lo que sugiere un consumo orientado principalmente al entretenimiento.
La distribuci√≥n general es asim√©trica, con clara concentraci√≥n en uno o dos g√©neros predominantes.

Los g√©neros con menor rotaci√≥n podr√≠an requerir evaluaci√≥n en t√©rminos de adquisici√≥n, reposici√≥n o estrategia de promoci√≥n.

El an√°lisis no incorpora variables demogr√°ficas, disponibilidad de ejemplares ni evoluci√≥n temporal, por lo que los resultados deben interpretarse dentro de este alcance descriptivo.",,,,,,,"
",,
categoria_libro,catal√°n,espa√±ol,ingl√©s,Grand Total,,,,,,,,,,,,,,,,,,,
comic,,35,,35,,,,,,,,,,,,,,,,,,,
divulgacion,,9,5,14,,,,,,,,,,,,,,,,,,,
ensayo,4,30,,34,,,,,,,,,,,,,,,,,,,
ficcion,11,74,18,103,,,,,,,,,,,,,,,,,,,
infantil,14,41,,55,,,,,,,,,,,,,,,,,,,
novela_grafica,,17,,17,,,,,,,,,,,,,,,,,,,
poesia,,3,,3,,,,,,,,,,,,,,,,,,,
Grand Total,29,209,23,261,,,,,,,,,,,,,,,,,,,